<?xml version="1.0" encoding="UTF-8"?>
<bookOrder xmlns:xsi="http://www.w3.org/2001/XMLSchema-instance" xsi:noNamespaceSchemaLocation="book_order.xsd">
  <orderDate>2015-12-31T12:00:00</orderDate>
  <orderList>
    <item>
      <author>author</author>
      <title>title</title>
      <price>0.0</price>
      <quantity>0</quantity>
    </item>
  </orderList>
  <orderSummary orderNumber="">
    <orderTotal>0.0</orderTotal>
    <promotionCode>promotionCode</promotionCode>
    <loyaltyCard>loyaltyCard</loyaltyCard>
    <postAndPackaging>0.0</postAndPackaging>
    <discounts>discounts</discounts>
  </orderSummary>
</bookOrder>
