<?xml version="1.0" encoding="UTF-8"?>
<bookOrder xmlns:xsi="http://www.w3.org/2001/XMLSchema-instance" xsi:noNamespaceSchemaLocation="book_order.xsd">
  <orderDate>2015-12-30T12:34:00</orderDate>
  <orderList>
    <item>
      <author>Graham Greene</author>
      <title>The Confidential Agent</title>
      <price>12.99</price>
      <quantity>1</quantity>
    </item>
     <item>
      <author>W. Shakespeare</author>
      <title>Macbeth</title>
      <price>6.99</price>
      <quantity>2</quantity>
    </item>
    <item>
      <author>Hawking</author>
      <title>A Brief History of Thyme</title>
      <price>9.99</price>
      <quantity>3</quantity>
    </item>
  </orderList>
  <orderSummary orderNumber="">
    <orderTotal>12.96</orderTotal>
    <promotionCode>B88</promotionCode>
    <loyaltyCard>A0183746</loyaltyCard>
    <postAndPackaging>3.75</postAndPackaging>
    <discounts>0</discounts>
  </orderSummary>
</bookOrder>
